[HEADER],,,,
Date,date/for/logging,,,
Library_Prep,cel-seq2,,,
Fastq_Read1,/path/to/fastq_read1.fastq,,,
Fastq_Read2,/path/to/fastq_read2.fastq,,,
Ref_genome,/path/to/ref_genome.fa,,,
Annotation,/path/to/annotation_file.gtf,,,
Test,1,,,
Control,2,,,
,,,,
[SETTINGS],,,,
Adapter,TGGAATTCTCGG,GATCGTCGGACT,,
,,,,
[DATA],,,,
cell_id,sample_name,barcode_index,barcode_sequence,experiment_group
1,F1.1,cel-4,AGCTTC,1
2,F1.2,cel-5,CATGAG,1
3,F1.3,cel-9,CAGATC,2
4,F1.4,cel-10,TCACAG,2
5,F2.1,cel-23,GTCTAG,1
6,F2.2,cel-25,GTTGCA,1
7,F2.3,cel-26,GTGACA,2
8,F2.4,cel-31,ACTCGA,2
9,S1.1,cel-46,TGCAGA,3
10,S1.2,cel-6,CATGCA,3
11,S1.3,cel-14,TCCTAG,4
12,S1.4,cel-20,GTACAG,4
13,S2.1,cel-28,ACAGTG,3
14,S2.2,cel-35,CTAGAC,3
15,S2.3,cel-43,TGAGAC,4
16,S2.4,cel-2,AGCTAG,4
